<assembly>
  <id>assemble-pu</id>
  <formats>
    <format>jar</format>
    <format>dir</format>
  </formats>
  <includeBaseDirectory>false</includeBaseDirectory>
  <fileSets>
    <fileSet>
      <directory>target/classes</directory>
      <lineEnding>keep</lineEnding>
      <outputDirectory>/</outputDirectory>
      <includes>
        <include>**/**</include>
      </includes>
    </fileSet>
  </fileSets>
  <dependencySets>
    <dependencySet>
      <useProjectArtifact>false</useProjectArtifact>
      <useTransitiveDependencies>false</useTransitiveDependencies>
      <outputDirectory>lib</outputDirectory>
      <excludes>
        <exclude>com.gigaspaces.app.event_processing:common</exclude>
      </excludes>
    </dependencySet>
    <dependencySet>
      <useProjectArtifact>false</useProjectArtifact>
      <useTransitiveDependencies>true</useTransitiveDependencies>
      <useTransitiveFiltering>true</useTransitiveFiltering>
      <outputDirectory>lib</outputDirectory>
      <includes>
        <include>com.gigaspaces.app.event_processing:common</include>
      </includes>
    </dependencySet>
  </dependencySets>
</assembly>